{"stats":{"minecraft:picked_up":{"minecraft:splash_potion":3,"minecraft:oak_stairs":1,"minecraft:brick":2,"minecraft:white_banner":1,"minecraft:compass":64,"minecraft:redstone_torch":2,"minecraft:oak_planks":3,"minecraft:chain_command_block":1,"minecraft:stone":1,"minecraft:oak_fence":1,"minecraft:torch":3,"minecraft:dried_kelp":1,"minecraft:soul_torch":1,"minecraft:firework_rocket":1,"minecraft:nether_gold_ore":1,"minecraft:rotten_flesh":1,"minecraft:slime_ball":39,"minecraft:diamond":1,"minecraft:writable_book":1,"minecraft:polished_blackstone_button":2},"minecraft:used":{"minecraft:oak_fence":1,"minecraft:netherite_sword":41,"minecraft:diorite":4,"minecraft:jungle_leaves":4,"minecraft:writable_book":4,"minecraft:end_stone_bricks":1,"minecraft:smooth_quartz_slab":51,"minecraft:birch_leaves":2,"minecraft:redstone":9,"minecraft:oak_planks":55,"minecraft:oak_sign":9,"minecraft:blue_wool":3,"minecraft:stone":75,"minecraft:redstone_block":58,"minecraft:beacon":24,"minecraft:quartz_stairs":45,"minecraft:dried_kelp_block":90,"minecraft:oak_door":4,"minecraft:smooth_quartz_stairs":70,"minecraft:oak_leaves":4,"minecraft:spruce_leaves":13,"minecraft:torch":22,"minecraft:polished_blackstone_pressure_plate":5,"minecraft:brewing_stand":3,"minecraft:dirt":5,"minecraft:birch_pressure_plate":10,"minecraft:comparator":1,"minecraft:birch_sign":6,"minecraft:acacia_leaves":2,"minecraft:painting":3,"minecraft:magenta_carpet":7,"minecraft:end_stone":1,"minecraft:nether_gold_ore":21,"minecraft:shroomlight":179,"minecraft:redstone_torch":18,"minecraft:glass":3,"minecraft:wooden_axe":23,"minecraft:lever":15,"minecraft:sea_lantern":16,"minecraft:villager_spawn_egg":2,"minecraft:quartz_pillar":35,"minecraft:command_block":152,"minecraft:black_stained_glass_pane":18,"minecraft:grass_block":150,"minecraft:oak_stairs":6,"minecraft:barrier":109,"minecraft:quartz_block":171,"minecraft:lectern":2,"minecraft:dark_oak_leaves":2,"minecraft:smooth_quartz":36,"minecraft:oak_pressure_plate":1,"minecraft:iron_door":4,"minecraft:gravel":114,"minecraft:barrel":20,"minecraft:stone_bricks":11,"minecraft:repeater":131,"minecraft:bedrock":632,"minecraft:glowstone":27,"minecraft:golden_carrot":14,"minecraft:snow":4,"minecraft:cobblestone":6,"minecraft:written_book":6,"minecraft:soul_soil":6,"minecraft:iron_trapdoor":27,"minecraft:chain_command_block":93,"minecraft:polished_blackstone_button":3,"minecraft:end_portal_frame":1,"minecraft:smooth_stone_slab":92,"minecraft:coarse_dirt":1,"minecraft:pillager_spawn_egg":1,"minecraft:soul_torch":8},"minecraft:killed":{"minecraft:piglin":2,"minecraft:slime":2,"minecraft:pillager":2,"minecraft:villager":1},"minecraft:dropped":{"minecraft:oak_door":1,"minecraft:compass":384,"minecraft:soul_torch":1,"minecraft:smooth_stone_slab":1,"minecraft:diamond":1,"minecraft:blue_wool":1,"minecraft:oak_fence":2,"minecraft:cobblestone":2,"minecraft:oak_planks":7,"minecraft:villager_spawn_egg":1,"minecraft:command_block":15,"minecraft:oak_sign":1,"minecraft:grass_block":2,"minecraft:sea_lantern":3,"minecraft:stone":2,"minecraft:nether_gold_ore":1,"minecraft:brewing_stand":2,"minecraft:black_stained_glass_pane":1,"minecraft:torch":2,"minecraft:glowstone":2,"minecraft:dried_kelp":1,"minecraft:oak_stairs":3,"minecraft:writable_book":1,"minecraft:chain_command_block":21,"minecraft:written_book":3,"minecraft:brick":2,"minecraft:firework_rocket":1},"minecraft:custom":{"minecraft:interact_with_furnace":1,"minecraft:inspect_dropper":1,"minecraft:mob_kills":7,"minecraft:interact_with_crafting_table":1,"minecraft:open_barrel":48,"minecraft:play_one_minute":1045367,"minecraft:leave_game":54,"minecraft:time_since_death":526024,"minecraft:climb_one_cm":168,"minecraft:time_since_rest":526050,"minecraft:sprint_one_cm":214648,"minecraft:open_enderchest":2,"minecraft:damage_taken":360,"minecraft:walk_one_cm":950860,"minecraft:trigger_trapped_chest":4,"minecraft:drop":149,"minecraft:minecart_one_cm":688,"minecraft:damage_dealt":5738,"minecraft:interact_with_beacon":3,"minecraft:talked_to_villager":4,"minecraft:fly_one_cm":1541675,"minecraft:crouch_one_cm":20668,"minecraft:deaths":1,"minecraft:sneak_time":16504,"minecraft:walk_under_water_one_cm":18299,"minecraft:interact_with_lectern":1,"minecraft:jump":2473,"minecraft:interact_with_brewingstand":12,"minecraft:walk_on_water_one_cm":8599,"minecraft:fall_one_cm":2433}},"DataVersion":2586}